date,latitude,longitude,rainfall_mm,rain_threshold_mm,humidity,wind_speed
2021-04-18 04:00:00,-1.213117,36.899653,16.2,22,59.2,7.79
2023-01-10 23:00:00,-1.283826,36.847618,4.29,14,46.7,2.95
2020-04-11 21:00:00,-1.278555,36.854728,7.22,14,69.4,7.67
2021-09-02 09:00:00,-1.31195,36.790293,11.36,12,38.6,3.0
2023-09-24 11:00:00,-1.21616,36.902354,7.28,22,51.1,0.09
2020-12-02 23:00:00,-1.222555,36.900834,2.14,22,95.4,0.0
2023-11-07 04:00:00,-1.26999,36.848879,16.31,15,96.0,0.45
2021-03-04 02:00:00,-1.326821,36.786669,27.91,12,67.0,9.21
2023-07-31 21:00:00,-1.284157,36.808904,5.41,18,41.1,2.46
2023-09-29 23:00:00,-1.267505,36.798372,2.18,20,43.7,9.59
2022-02-19 17:00:00,-1.277477,36.855827,0.91,14,69.4,2.3
2021-07-22 23:00:00,-1.272302,36.796981,5.54,20,67.2,0.05
2022-04-07 20:00:00,-1.204856,36.898626,35.36,22,78.1,4.13
2023-05-31 20:00:00,-1.274071,36.851685,80.78,14,76.4,7.27
2023-04-15 05:00:00,-1.260801,36.849026,6.68,15,89.6,14.62
2020-01-19 09:00:00,-1.282405,36.817993,4.01,18,30.4,4.98
2023-08-01 17:00:00,-1.317858,36.782078,3.99,12,38.6,0.95
2023-02-24 16:00:00,-1.319659,36.784633,2.3,12,49.7,10.34
2022-06-20 23:00:00,-1.224718,36.896639,10.15,22,33.9,3.26
2021-08-02 06:00:00,-1.220484,36.901638,3.29,22,35.7,3.12
2020-03-13 03:00:00,-1.314593,36.787588,0.85,12,85.7,5.27
2021-07-04 14:00:00,-1.206787,36.911961,7.86,22,63.8,14.87
2022-12-08 18:00:00,-1.213145,36.895555,19.89,22,58.5,3.0
2021-07-09 06:00:00,-1.265722,36.848818,4.56,15,58.8,8.69
2021-10-16 18:00:00,-1.284968,36.819421,3.68,18,82.2,13.13
2021-10-18 11:00:00,-1.314389,36.782343,2.5,12,68.2,2.39
2023-12-16 22:00:00,-1.279008,36.8163,33.4,18,75.8,2.44
2020-03-10 12:00:00,-1.290545,36.815466,62.5,18,76.8,0.66
2023-12-01 18:00:00,-1.258174,36.844914,4.64,15,72.8,0.12
2021-11-27 12:00:00,-1.280359,36.817991,4.2,18,87.2,6.43
2020-08-09 21:00:00,-1.315529,36.778292,0.09,12,68.9,12.61
2020-01-12 09:00:00,-1.263106,36.793323,4.07,20,32.9,0.57
2023-02-13 22:00:00,-1.283035,36.848462,10.86,14,42.7,6.97
2022-10-21 05:00:00,-1.266121,36.843978,24.4,15,72.1,1.04
2021-01-11 14:00:00,-1.279151,36.817137,5.85,18,40.4,0.65
2022-01-03 05:00:00,-1.272597,36.856038,7.22,14,41.2,6.64
2022-11-03 11:00:00,-1.271629,36.855556,28.8,14,59.2,29.65
2023-09-18 16:00:00,-1.309663,36.77227,1.11,12,39.2,1.29
2020-10-20 01:00:00,-1.31513,36.786494,15.21,12,81.8,0.9
2022-04-29 01:00:00,-1.283,36.829329,20.11,18,67.6,1.52
2022-02-07 03:00:00,-1.213756,36.895216,0.65,22,66.1,16.7
2021-07-29 14:00:00,-1.259814,36.793501,2.33,20,48.8,16.55
2021-05-26 21:00:00,-1.216394,36.891508,24.27,22,78.8,2.0
2022-02-22 16:00:00,-1.221074,36.895126,4.89,22,33.7,5.8
2021-07-16 10:00:00,-1.288768,36.816729,1.32,18,39.5,7.55
2020-01-03 22:00:00,-1.274254,36.851879,2.0,14,60.1,5.7
2022-02-26 12:00:00,-1.293891,36.8289,4.37,18,66.0,1.24
2022-12-17 15:00:00,-1.290842,36.814326,5.07,18,81.8,1.74
2023-07-03 05:00:00,-1.284319,36.813519,6.87,18,66.8,4.29
2022-04-24 09:00:00,-1.268882,36.796001,3.49,20,57.8,0.48
2022-09-16 21:00:00,-1.289074,36.816751,0.19,18,59.8,1.26
2023-09-13 12:00:00,-1.261777,36.854563,12.74,15,67.7,2.83
2022-12-12 04:00:00,-1.279881,36.815557,49.24,18,71.3,9.11
2022-09-21 19:00:00,-1.280322,36.853295,1.37,14,39.2,1.82
2021-11-01 08:00:00,-1.216543,36.895972,49.95,22,58.5,2.38
2023-05-22 08:00:00,-1.284623,36.85304,1.91,14,64.5,3.14
2023-09-21 15:00:00,-1.271839,36.85401,1.94,14,59.4,21.06
2020-02-18 05:00:00,-1.292006,36.815201,6.44,18,63.6,2.0
2022-02-07 06:00:00,-1.284659,36.818617,3.57,18,57.8,1.03
2020-12-04 12:00:00,-1.212074,36.898672,0.82,22,61.9,2.68
2023-07-26 00:00:00,-1.265405,36.849212,4.22,14,64.1,1.09
2023-07-01 16:00:00,-1.317625,36.784208,5.68,12,52.9,15.34
2020-06-03 09:00:00,-1.302234,36.784325,2.17,12,32.3,5.95
2020-05-28 14:00:00,-1.277032,36.812733,8.01,18,56.4,2.67
2021-01-20 00:00:00,-1.312554,36.776204,6.48,12,59.9,1.38
2021-09-07 22:00:00,-1.314106,36.780928,3.34,12,54.8,2.57
2023-07-21 09:00:00,-1.305123,36.786879,0.11,12,64.2,14.61
2023-11-21 13:00:00,-1.270913,36.84191,5.32,14,75.3,2.05
2022-01-13 05:00:00,-1.261703,36.851057,8.58,15,44.7,20.64
2023-09-15 08:00:00,-1.262756,36.805544,19.95,20,46.2,4.05
2021-05-23 14:00:00,-1.216485,36.898143,3.68,22,95.0,6.24
2023-12-03 15:00:00,-1.290911,36.840368,43.25,14,82.0,0.59
2022-01-17 00:00:00,-1.30565,36.78514,0.4,12,61.4,0.8
2020-01-05 00:00:00,-1.310354,36.77816,1.82,12,42.3,10.99
2021-02-27 00:00:00,-1.287648,36.816392,7.85,18,33.7,5.9
2022-07-27 09:00:00,-1.30976,36.777919,3.82,12,63.6,0.66
2022-08-17 19:00:00,-1.270471,36.799366,2.41,20,51.2,5.21
2020-08-12 01:00:00,-1.288534,36.812881,0.97,18,36.5,0.31
2023-11-18 23:00:00,-1.289722,36.824213,3.23,18,84.0,0.27
2023-03-08 21:00:00,-1.208895,36.904157,7.51,22,63.7,1.03
2023-07-24 18:00:00,-1.269113,36.849561,2.36,15,45.3,1.68
2022-08-15 04:00:00,-1.211529,36.898518,0.93,22,32.5,1.23
2022-04-13 15:00:00,-1.26443,36.842528,39.0,15,86.4,6.8
2022-02-23 23:00:00,-1.266291,36.853924,0.43,14,57.2,5.07
2021-06-24 07:00:00,-1.259598,36.805063,2.93,20,56.2,4.42
2023-11-23 14:00:00,-1.271836,36.848105,11.57,14,61.1,10.41
2022-03-16 14:00:00,-1.276255,36.85699,5.23,14,68.9,6.72
2022-09-03 20:00:00,-1.283772,36.819949,1.12,18,69.6,0.96
2022-09-03 04:00:00,-1.227,36.895667,1.33,22,59.4,4.63
2020-06-18 05:00:00,-1.269145,36.858259,1.78,15,69.2,1.85
2020-10-13 04:00:00,-1.282668,36.818527,19.95,18,59.9,1.89
2020-04-04 21:00:00,-1.216408,36.900427,9.42,22,86.1,3.81
2020-04-15 21:00:00,-1.285252,36.816009,10.74,18,67.0,0.28
2021-05-03 15:00:00,-1.267974,36.797311,2.26,20,95.7,0.51
2021-05-24 19:00:00,-1.265224,36.85431,27.21,15,68.3,3.26
2022-08-14 18:00:00,-1.279901,36.849673,1.41,14,35.1,3.11
2023-05-24 15:00:00,-1.218199,36.898996,27.83,22,75.6,8.39
2021-10-12 15:00:00,-1.275867,36.857236,2.85,14,89.0,6.09
2021-01-12 23:00:00,-1.275513,36.80436,0.41,20,67.9,3.49
2022-08-05 07:00:00,-1.265862,36.789409,1.48,20,42.3,11.14
2020-04-24 18:00:00,-1.286334,36.828418,10.5,18,93.8,14.06
2022-10-14 13:00:00,-1.300522,36.811669,34.5,18,88.8,0.49
2022-10-11 21:00:00,-1.26984,36.793031,13.89,20,56.2,5.84
2021-05-11 21:00:00,-1.221288,36.910593,5.3,22,75.7,14.29
2023-05-26 20:00:00,-1.229521,36.890725,3.43,22,76.2,3.84
2021-08-30 05:00:00,-1.268902,36.802206,1.33,20,60.5,1.43
2023-08-18 14:00:00,-1.274916,36.798177,0.2,20,36.3,1.69
2021-07-22 00:00:00,-1.319679,36.78767,2.21,12,32.0,2.34
2020-04-24 07:00:00,-1.274979,36.852702,12.42,14,66.9,1.07
2020-11-25 02:00:00,-1.263992,36.800109,122.68,20,55.7,6.38
2022-10-03 05:00:00,-1.28667,36.853524,29.2,14,78.1,4.74
2022-07-09 08:00:00,-1.270967,36.849466,1.06,14,61.8,2.8
2023-09-19 05:00:00,-1.268623,36.793254,9.0,20,42.5,7.74
2020-12-01 07:00:00,-1.263832,36.850191,35.24,15,62.8,1.32
2021-12-01 15:00:00,-1.305581,36.782104,11.39,12,74.6,2.14
2020-04-17 10:00:00,-1.282,36.809372,0.15,18,88.7,8.48
2023-11-20 18:00:00,-1.260848,36.792,1.49,20,79.1,0.51
2021-06-17 10:00:00,-1.272838,36.79557,1.15,20,66.8,1.32
2022-06-19 03:00:00,-1.218518,36.903615,12.63,22,43.1,4.5
2023-04-04 19:00:00,-1.288891,36.822251,10.56,18,58.9,12.11
2020-08-02 19:00:00,-1.26032,36.84942,1.71,15,38.7,5.06
2020-07-28 02:00:00,-1.252883,36.799498,5.71,20,44.9,6.26
2021-07-27 14:00:00,-1.263077,36.851936,0.09,15,45.7,8.64
2021-03-11 22:00:00,-1.288438,36.821085,7.4,18,91.4,3.52
2020-03-10 14:00:00,-1.213898,36.897275,6.67,22,89.6,3.44
2020-02-23 03:00:00,-1.219715,36.89365,1.1,22,61.1,1.27
2023-08-24 17:00:00,-1.27329,36.853524,3.59,14,65.2,2.05
2023-10-03 14:00:00,-1.309239,36.783396,20.46,12,92.1,0.12
2021-12-26 07:00:00,-1.274167,36.80111,21.49,20,87.4,1.81
2023-04-21 18:00:00,-1.258648,36.844046,4.11,15,78.4,0.05
2020-02-23 19:00:00,-1.287985,36.825038,0.28,18,58.3,1.94
2021-09-01 20:00:00,-1.310788,36.783472,7.66,12,62.0,15.3
2021-03-25 05:00:00,-1.318472,36.779139,16.5,12,75.9,3.91
2023-11-04 13:00:00,-1.314898,36.784686,30.93,12,76.0,3.27
2023-10-08 08:00:00,-1.316395,36.781025,34.3,12,62.7,8.12
2023-05-17 18:00:00,-1.275484,36.825421,37.16,18,55.3,19.82
2022-02-09 15:00:00,-1.27211,36.846663,5.22,14,43.9,3.78
2021-08-13 10:00:00,-1.215072,36.902633,36.5,22,49.5,0.43
2023-01-06 01:00:00,-1.280197,36.844329,4.36,14,35.0,2.71
2021-03-02 07:00:00,-1.25273,36.851082,6.05,15,55.6,11.53
2021-11-06 13:00:00,-1.222401,36.893453,36.6,22,91.5,0.06
2020-05-07 05:00:00,-1.277449,36.854037,0.58,14,91.1,3.26
2020-06-06 08:00:00,-1.259355,36.795655,6.48,20,63.5,16.48
2023-07-04 21:00:00,-1.275076,36.80172,0.03,20,48.8,0.38
2022-10-02 09:00:00,-1.259819,36.846154,4.8,15,59.1,2.34
2020-03-06 15:00:00,-1.273013,36.848102,7.83,14,72.4,0.25
2023-12-27 21:00:00,-1.26929,36.849422,23.41,15,81.7,3.87
2021-02-03 03:00:00,-1.210512,36.898105,7.9,22,58.5,0.32
2023-12-06 14:00:00,-1.267782,36.794698,11.29,20,80.9,4.25
2022-05-25 18:00:00,-1.318976,36.778966,7.49,12,69.8,3.62
2023-01-13 17:00:00,-1.26616,36.797155,1.12,20,31.9,6.43
2023-10-25 18:00:00,-1.278539,36.857002,1.07,14,95.8,2.72
2023-07-20 13:00:00,-1.22075,36.898801,3.51,22,37.0,5.69
2020-07-24 12:00:00,-1.263531,36.803066,11.01,20,47.4,2.44
2021-09-29 08:00:00,-1.318403,36.77922,13.29,12,69.5,0.34
2023-08-10 09:00:00,-1.260708,36.798536,1.76,20,33.6,2.19
2023-12-05 18:00:00,-1.294808,36.830632,11.86,18,74.0,14.69
2023-12-14 06:00:00,-1.319291,36.774434,12.16,12,88.6,0.07
2021-08-22 10:00:00,-1.209202,36.895285,5.0,22,38.9,2.84
2023-07-25 16:00:00,-1.256691,36.850132,1.04,15,50.5,0.86
2020-01-11 23:00:00,-1.314884,36.775001,3.59,12,44.9,11.07
2022-06-23 17:00:00,-1.260877,36.798031,0.98,20,61.2,4.91
2023-01-25 09:00:00,-1.224488,36.895534,1.6,22,35.4,1.44
2020-11-21 01:00:00,-1.293716,36.82196,4.02,18,91.9,0.75
2020-02-23 16:00:00,-1.255862,36.847063,9.74,15,62.3,6.11
2022-07-12 20:00:00,-1.256309,36.797321,1.71,20,55.9,14.97
2021-09-30 22:00:00,-1.266069,36.848132,3.09,15,59.6,0.28
2022-07-12 02:00:00,-1.259158,36.849753,3.91,15,45.2,6.73
2022-12-08 22:00:00,-1.285335,36.822778,6.61,18,58.8,9.6
2021-02-21 08:00:00,-1.219468,36.901566,8.9,22,32.2,8.17
2023-07-16 03:00:00,-1.246641,36.852932,0.57,15,36.7,2.79
2021-12-12 03:00:00,-1.278974,36.84823,6.01,14,72.8,4.38
2020-08-31 12:00:00,-1.266735,36.805905,1.58,20,44.2,3.93
2022-08-04 03:00:00,-1.307931,36.787281,3.8,12,35.5,16.8
2020-07-17 04:00:00,-1.267317,36.847192,10.45,14,33.0,0.3
2020-06-02 01:00:00,-1.272827,36.844894,11.48,14,62.5,11.77
2021-04-29 06:00:00,-1.264345,36.79236,2.48,20,94.5,4.37
2023-06-01 17:00:00,-1.278,36.855536,3.86,14,45.5,8.47
2021-11-05 00:00:00,-1.284251,36.804306,7.0,18,64.3,6.59
2022-05-13 16:00:00,-1.264148,36.801774,4.91,20,67.1,0.5
2023-01-13 23:00:00,-1.215747,36.895825,1.26,22,45.8,3.43
2021-10-29 23:00:00,-1.315135,36.78143,4.47,12,63.3,7.18
2022-12-01 04:00:00,-1.28428,36.815672,26.73,18,57.9,2.67
2020-02-01 14:00:00,-1.274206,36.854009,10.32,14,61.8,0.08
2023-09-06 05:00:00,-1.283443,36.812459,0.82,18,46.3,7.62
2020-05-11 16:00:00,-1.218991,36.898977,7.15,22,73.4,12.35
2023-09-19 20:00:00,-1.261095,36.849991,5.38,15,40.9,4.24
2023-12-22 19:00:00,-1.270776,36.855152,36.89,14,85.8,6.38
2022-12-29 13:00:00,-1.266391,36.799694,23.71,20,81.6,4.7
2022-12-29 19:00:00,-1.289963,36.819517,18.96,18,70.0,4.17
2023-10-21 23:00:00,-1.261712,36.80339,3.58,20,74.2,1.95
2021-04-24 03:00:00,-1.292128,36.810293,28.71,18,69.4,3.45
2020-05-10 02:00:00,-1.316417,36.785863,18.31,12,79.8,5.65
2020-11-25 16:00:00,-1.259542,36.853472,1.83,15,82.9,0.3
2020-01-26 18:00:00,-1.218606,36.901211,3.38,22,65.1,3.85
2021-08-28 09:00:00,-1.224296,36.900471,4.12,22,60.6,13.56
2021-05-19 09:00:00,-1.271733,36.797012,12.26,20,75.6,0.22
2023-03-22 14:00:00,-1.319195,36.786621,0.77,12,70.3,18.79
2021-02-09 13:00:00,-1.30598,36.777889,1.99,12,45.1,4.35
2023-08-06 12:00:00,-1.291226,36.812512,3.19,18,51.5,0.84
2021-07-10 21:00:00,-1.282194,36.823255,0.63,18,55.8,3.28
2023-05-24 02:00:00,-1.278521,36.852786,9.19,14,95.2,2.49
2022-09-06 07:00:00,-1.257254,36.854398,4.38,15,53.6,2.07
2023-10-30 15:00:00,-1.281222,36.81139,26.79,18,85.3,4.13
2022-02-28 12:00:00,-1.224549,36.895515,1.48,22,59.0,3.38
2022-05-05 04:00:00,-1.26231,36.793839,35.39,20,60.1,4.6
2023-07-24 14:00:00,-1.291712,36.808734,10.36,18,37.6,4.5
2020-12-17 18:00:00,-1.217615,36.893668,33.54,22,68.7,1.67
2020-10-20 17:00:00,-1.269743,36.803184,31.96,20,84.9,3.87
2021-12-01 03:00:00,-1.26929,36.846376,13.22,15,57.3,3.68
2022-12-05 10:00:00,-1.314803,36.78182,4.93,12,55.4,7.89
2022-02-14 14:00:00,-1.261509,36.850565,10.76,15,40.4,0.99
2021-05-09 09:00:00,-1.268111,36.86004,42.92,14,71.8,4.99
2021-07-28 00:00:00,-1.258068,36.801506,0.51,20,52.1,14.88
2023-03-09 10:00:00,-1.310559,36.787689,23.06,12,71.6,2.43
2023-05-19 09:00:00,-1.220438,36.894611,34.12,22,90.5,0.41
2023-08-08 07:00:00,-1.288778,36.814875,2.38,18,47.0,7.02
2020-05-20 18:00:00,-1.259836,36.857991,69.74,15,69.1,1.15
2021-02-11 22:00:00,-1.281711,36.851426,5.33,14,33.1,4.5
2023-06-05 01:00:00,-1.208813,36.897473,7.38,22,56.9,1.2
2020-03-23 13:00:00,-1.264054,36.800857,15.0,20,71.7,1.79
2021-10-19 12:00:00,-1.270048,36.850528,10.26,14,82.2,6.41
2023-03-09 17:00:00,-1.311076,36.782808,23.41,12,79.4,7.38
2021-07-07 18:00:00,-1.276733,36.856868,2.01,14,62.0,1.59
2020-11-26 00:00:00,-1.288664,36.815915,4.77,18,73.3,1.34
2020-07-19 22:00:00,-1.25814,36.849663,6.28,15,35.9,9.49
2020-07-09 20:00:00,-1.215344,36.904741,0.12,22,62.6,3.69
2022-07-22 12:00:00,-1.261012,36.807126,0.99,20,66.9,4.93
2023-08-31 21:00:00,-1.276175,36.849055,12.71,14,67.8,2.85
2021-03-10 06:00:00,-1.2227,36.903937,8.1,22,56.5,16.0
2022-10-25 12:00:00,-1.2507,36.850464,22.5,15,59.8,3.66
2021-02-04 20:00:00,-1.317473,36.779665,1.72,12,36.4,35.28
2020-12-15 12:00:00,-1.270963,36.793538,6.17,20,70.4,1.58
2021-03-13 16:00:00,-1.310046,36.77714,24.93,12,94.7,3.43
2023-08-02 22:00:00,-1.289601,36.818733,14.18,18,39.8,4.52
2020-01-01 13:00:00,-1.267718,36.805874,2.59,20,49.3,11.48
2020-08-24 01:00:00,-1.279733,36.848493,4.63,14,62.7,14.21
2022-12-18 14:00:00,-1.311161,36.778333,19.87,12,71.4,2.02
2022-01-03 07:00:00,-1.219887,36.894323,3.02,22,55.8,0.14
2021-11-25 00:00:00,-1.280769,36.815519,17.11,18,71.4,6.02
2021-03-11 05:00:00,-1.217959,36.902389,63.88,22,56.2,5.33
2023-07-14 07:00:00,-1.260323,36.79512,3.59,20,51.8,9.69
2021-01-05 15:00:00,-1.313289,36.786487,0.14,12,50.1,12.85
2020-10-05 17:00:00,-1.290041,36.811738,48.42,18,87.1,6.61
2021-03-09 21:00:00,-1.231526,36.906638,8.84,22,94.9,7.33
2021-01-24 13:00:00,-1.275756,36.843305,4.24,14,55.5,10.58
2020-09-20 22:00:00,-1.256061,36.85144,9.59,15,40.6,2.82
2020-06-20 16:00:00,-1.310451,36.786406,2.44,12,46.6,3.48
2022-03-19 09:00:00,-1.285936,36.813247,14.25,18,78.2,2.33
2023-08-29 21:00:00,-1.220197,36.902403,2.44,22,40.8,0.53
2022-12-09 05:00:00,-1.308708,36.786089,6.33,12,93.8,0.56
2021-03-13 09:00:00,-1.269145,36.853883,10.63,14,73.7,2.27
2020-04-29 11:00:00,-1.282473,36.81645,12.19,18,70.5,13.82
2020-03-07 10:00:00,-1.289816,36.822818,6.2,18,82.5,5.6
2022-05-17 08:00:00,-1.270499,36.842628,2.77,14,86.2,0.2
2023-07-30 20:00:00,-1.272732,36.854493,1.32,14,45.5,19.23
2022-11-24 03:00:00,-1.25509,36.851378,25.71,15,64.4,8.96
2020-04-09 07:00:00,-1.273477,36.848783,9.31,14,85.3,0.13
2023-01-08 18:00:00,-1.217781,36.902547,0.67,22,37.1,5.08
2020-01-12 15:00:00,-1.215658,36.888817,0.02,22,50.0,4.62
2022-06-13 11:00:00,-1.26324,36.852186,4.19,15,49.1,14.91
2023-02-21 08:00:00,-1.320426,36.782668,4.46,12,65.5,5.66
2022-10-02 12:00:00,-1.269528,36.846281,9.97,15,92.7,3.97
2023-08-15 12:00:00,-1.290321,36.80447,4.28,18,65.6,5.18
2020-11-09 13:00:00,-1.292013,36.825085,10.06,18,98.0,1.09
2020-09-24 17:00:00,-1.28795,36.846627,0.84,14,56.6,0.28
2021-08-07 03:00:00,-1.307004,36.789652,1.31,12,58.2,24.44
2023-04-30 22:00:00,-1.276617,36.857055,0.96,14,73.6,0.93
2021-02-08 08:00:00,-1.313722,36.780036,0.21,12,40.1,0.68
2021-09-18 03:00:00,-1.28567,36.821128,1.82,18,59.1,10.58
2023-01-18 14:00:00,-1.281042,36.82497,2.36,18,67.5,3.65
2023-11-23 00:00:00,-1.274375,36.806562,16.7,20,91.2,4.81
2020-01-07 00:00:00,-1.277615,36.846352,4.3,14,62.5,3.65
2021-03-16 15:00:00,-1.282991,36.82645,11.43,18,94.7,0.2
2022-10-01 05:00:00,-1.276381,36.848878,1.06,14,86.5,2.31
2023-03-24 10:00:00,-1.215725,36.900317,0.43,22,62.6,2.92
2020-12-04 21:00:00,-1.287702,36.82461,12.44,18,97.3,1.73
2021-05-18 11:00:00,-1.312991,36.785877,3.2,12,77.6,9.43
2020-08-30 06:00:00,-1.254812,36.85296,1.89,15,60.4,2.35
2023-11-14 20:00:00,-1.264991,36.791699,0.45,20,81.6,1.6
2022-12-08 21:00:00,-1.270197,36.840057,3.3,14,83.2,2.01
2021-04-03 22:00:00,-1.279928,36.852194,49.98,14,79.9,3.9
2023-02-22 13:00:00,-1.273235,36.848394,4.25,14,41.0,9.41
2020-05-21 13:00:00,-1.318376,36.784152,0.74,12,68.6,5.42
2023-08-08 02:00:00,-1.256292,36.849669,1.78,15,30.9,4.1
2023-02-27 13:00:00,-1.217124,36.890689,1.52,22,37.5,3.16
2022-10-29 22:00:00,-1.255975,36.849023,27.36,15,96.2,0.95
2021-09-23 21:00:00,-1.213815,36.906946,3.61,22,46.7,0.83
2021-07-30 13:00:00,-1.289459,36.818339,0.15,18,40.0,6.4
2021-03-09 01:00:00,-1.269296,36.853446,2.42,15,64.9,0.77
2023-06-17 17:00:00,-1.307006,36.786255,0.54,12,45.7,0.88
2020-02-27 09:00:00,-1.259667,36.8535,13.17,15,66.9,12.37
2020-03-15 18:00:00,-1.268877,36.798965,0.86,20,75.7,1.77
2021-05-19 08:00:00,-1.316217,36.777382,19.68,12,88.7,5.16
2022-04-16 18:00:00,-1.265935,36.849738,2.39,14,78.6,6.39
2020-01-18 20:00:00,-1.310542,36.787803,6.5,12,33.1,4.4
2023-04-23 19:00:00,-1.311402,36.77676,8.89,12,90.5,0.25
2020-02-05 03:00:00,-1.274867,36.854764,0.4,15,38.9,1.8
2023-12-09 04:00:00,-1.275733,36.855518,9.98,14,76.4,1.8
2022-01-15 13:00:00,-1.251525,36.844588,9.62,15,31.4,0.4
2020-08-28 03:00:00,-1.2733,36.845414,8.06,14,57.1,5.34
2022-12-12 19:00:00,-1.310652,36.776101,20.73,12,78.8,1.92
2022-10-26 14:00:00,-1.285377,36.822555,35.77,18,82.8,4.07
2020-12-07 13:00:00,-1.308286,36.780528,27.71,12,72.3,4.09
2020-06-15 02:00:00,-1.266326,36.79055,1.27,20,35.4,2.43
2023-10-12 11:00:00,-1.263246,36.856346,13.09,15,66.6,2.33
2022-05-12 21:00:00,-1.285166,36.814704,0.66,18,86.6,8.41
2020-02-19 21:00:00,-1.262743,36.857943,1.06,15,57.3,5.43
2021-10-12 21:00:00,-1.26137,36.803448,32.98,20,74.3,1.08
2021-10-25 21:00:00,-1.272168,36.858965,0.0,14,64.0,1.33
2020-05-03 00:00:00,-1.273155,36.847897,26.14,14,77.9,8.72
2022-11-29 15:00:00,-1.322366,36.787854,17.76,12,77.2,4.45
2022-07-28 19:00:00,-1.278158,36.820977,0.94,18,56.2,6.13
2020-11-04 11:00:00,-1.277073,36.818245,4.43,18,80.9,2.43
2020-03-26 15:00:00,-1.264818,36.851408,0.9,15,91.4,5.2
2020-07-14 19:00:00,-1.270897,36.850812,4.32,14,54.0,1.35
2021-04-01 06:00:00,-1.261163,36.799696,7.17,20,65.8,0.53
2020-08-05 18:00:00,-1.274589,36.84029,9.68,14,35.3,11.63
2022-01-01 15:00:00,-1.221557,36.902823,10.32,22,42.3,3.34
2023-06-17 09:00:00,-1.289078,36.824288,4.01,18,46.0,1.7
2023-05-29 22:00:00,-1.265627,36.802241,47.82,20,94.0,16.55
2020-03-27 07:00:00,-1.212867,36.899851,9.43,22,83.8,8.59
2022-07-08 17:00:00,-1.258734,36.794809,0.28,20,34.3,3.36
2022-06-29 03:00:00,-1.317989,36.779842,0.97,12,51.4,5.56
2023-11-12 23:00:00,-1.261604,36.847801,25.26,15,88.3,11.76
2022-12-19 16:00:00,-1.219001,36.903221,7.89,22,89.5,7.95
2021-12-18 09:00:00,-1.279618,36.838202,11.18,14,85.7,2.3
2020-09-23 15:00:00,-1.283137,36.817131,0.59,18,59.3,6.71
2023-09-26 03:00:00,-1.314572,36.790124,3.29,12,49.6,5.54
2023-05-10 16:00:00,-1.271565,36.80152,14.48,20,65.9,0.12
2023-01-09 20:00:00,-1.276858,36.853196,13.69,14,50.3,0.29
2020-01-03 13:00:00,-1.274107,36.844464,3.31,14,60.8,6.34
2023-10-28 15:00:00,-1.264713,36.802902,27.4,20,60.2,3.63
2022-05-07 03:00:00,-1.308496,36.784133,23.43,12,65.0,0.59
2020-02-19 12:00:00,-1.309804,36.783734,5.62,12,69.1,26.85
2021-08-18 13:00:00,-1.281146,36.815804,10.79,18,66.4,11.72
2020-07-16 12:00:00,-1.2914,36.820174,2.11,18,46.0,3.38
2023-07-03 20:00:00,-1.206671,36.906315,2.6,22,67.4,5.42
2022-08-06 17:00:00,-1.274937,36.85653,3.9,14,34.1,1.43
2020-11-17 21:00:00,-1.218621,36.910075,21.28,22,71.2,4.06
2022-01-29 00:00:00,-1.265469,36.838903,2.43,14,55.4,15.77
2021-08-02 19:00:00,-1.275988,36.846887,2.85,14,31.0,0.97
2021-05-24 18:00:00,-1.2642,36.848867,29.06,15,66.4,5.74
2022-09-04 09:00:00,-1.208532,36.894793,0.64,22,42.2,1.55
2021-03-17 08:00:00,-1.273032,36.80037,28.4,20,96.7,1.48
2020-11-14 21:00:00,-1.21555,36.901824,4.09,22,84.3,14.97
2023-06-26 05:00:00,-1.264227,36.84656,0.36,14,47.2,0.67
2022-01-28 02:00:00,-1.311141,36.782143,3.11,12,48.1,11.44
2023-03-27 08:00:00,-1.215811,36.903998,25.0,22,64.4,1.24
2020-08-17 07:00:00,-1.217592,36.894736,5.95,22,58.0,2.61
2021-03-28 17:00:00,-1.318592,36.788043,1.14,12,65.0,1.81
2021-03-26 12:00:00,-1.253271,36.853104,2.12,15,58.0,0.11
2022-12-11 08:00:00,-1.215204,36.898492,28.19,22,83.2,2.02
2022-07-05 00:00:00,-1.261197,36.851022,5.06,15,35.6,6.5
2022-07-13 10:00:00,-1.31535,36.783009,0.18,12,35.4,1.95
2020-07-20 20:00:00,-1.214483,36.903517,4.49,22,63.6,3.41
2023-11-07 05:00:00,-1.259694,36.845052,59.96,15,98.0,0.75
2022-11-10 22:00:00,-1.270526,36.853665,19.52,14,83.9,8.13
2022-06-25 03:00:00,-1.216217,36.897467,0.7,22,43.8,2.6
2023-06-17 01:00:00,-1.266348,36.849319,0.44,15,39.8,0.72
2023-12-08 19:00:00,-1.263344,36.794744,27.14,20,97.5,0.07
2023-11-08 00:00:00,-1.269334,36.843552,13.53,14,93.6,7.62
2023-07-23 22:00:00,-1.266404,36.806871,2.01,20,31.6,14.61
2022-01-23 22:00:00,-1.210312,36.901062,3.64,22,69.5,6.44
2022-04-29 03:00:00,-1.261506,36.805344,21.65,20,91.7,0.46
2023-08-25 15:00:00,-1.274996,36.85384,1.55,14,59.2,2.67
2022-06-27 11:00:00,-1.283604,36.821788,9.33,18,31.0,0.71
2023-03-27 09:00:00,-1.274049,36.799299,8.72,20,82.9,1.28
2022-02-12 09:00:00,-1.319075,36.783112,6.31,12,65.4,2.07
2022-01-27 22:00:00,-1.293769,36.814813,0.48,18,68.2,5.05
2023-08-24 00:00:00,-1.214486,36.896488,9.91,22,31.7,3.32
2023-11-24 04:00:00,-1.219786,36.893685,4.5,22,68.3,1.82
2022-05-03 17:00:00,-1.279766,36.845681,29.48,14,70.4,2.76
2021-09-14 08:00:00,-1.310776,36.779921,5.3,12,56.9,0.06
2023-04-08 22:00:00,-1.215008,36.904915,15.74,22,92.6,1.8
2021-09-15 02:00:00,-1.253364,36.843985,6.85,15,59.5,1.98
2020-03-11 02:00:00,-1.318685,36.784644,5.98,12,72.4,0.17
2023-05-16 19:00:00,-1.262988,36.855306,8.83,15,90.8,5.34
2021-10-20 02:00:00,-1.259123,36.854864,20.28,15,73.0,0.13
2023-01-02 08:00:00,-1.31752,36.784469,0.29,12,41.4,1.03
2020-04-20 09:00:00,-1.276039,36.849756,6.62,14,95.5,2.0
2021-11-01 18:00:00,-1.281167,36.816002,36.17,18,82.8,0.73
2023-02-07 22:00:00,-1.274753,36.801931,10.01,20,31.2,2.05
2020-01-17 12:00:00,-1.264151,36.811953,0.17,20,61.3,0.15
2023-11-08 05:00:00,-1.292114,36.820067,13.84,18,86.7,9.11
2020-03-28 07:00:00,-1.265413,36.850549,13.49,15,83.4,5.03
2020-02-23 06:00:00,-1.269282,36.852731,1.86,14,44.0,0.09
2023-04-06 12:00:00,-1.310075,36.789412,33.76,12,92.4,6.18
2021-05-14 12:00:00,-1.272422,36.846367,16.55,14,67.0,16.23
2022-08-02 16:00:00,-1.276628,36.846487,0.88,14,63.0,5.27
2023-09-01 19:00:00,-1.258718,36.847915,5.76,15,68.5,1.19
2021-03-06 21:00:00,-1.2681,36.79712,6.9,20,85.8,5.36
2023-01-12 10:00:00,-1.261008,36.808184,0.77,20,36.1,2.68
2020-04-04 19:00:00,-1.311515,36.776482,68.87,12,55.2,6.24
2023-04-10 18:00:00,-1.275916,36.801202,0.61,20,90.0,1.23
2020-03-14 06:00:00,-1.260547,36.802642,7.32,20,78.5,4.35
2022-04-14 04:00:00,-1.264936,36.812091,13.55,20,92.9,1.34
2021-05-05 06:00:00,-1.271134,36.86,2.37,14,71.4,2.0
2023-07-21 21:00:00,-1.314892,36.786936,10.46,12,30.5,2.48
2022-10-11 06:00:00,-1.279774,36.848365,17.61,14,74.2,4.56
2021-05-07 15:00:00,-1.267073,36.796936,46.17,20,66.4,11.21
2020-01-20 01:00:00,-1.307016,36.776348,3.54,12,41.6,4.49
2021-01-20 12:00:00,-1.260547,36.852701,0.58,15,55.1,2.84
2021-02-18 12:00:00,-1.272425,36.850589,0.96,14,44.4,10.73
2023-09-09 08:00:00,-1.260003,36.804398,4.69,20,54.0,0.88
2020-08-01 09:00:00,-1.215599,36.89264,6.8,22,49.4,12.69
2022-12-29 04:00:00,-1.304518,36.785739,14.73,12,85.8,1.34
2022-10-30 01:00:00,-1.262641,36.849552,14.62,15,73.6,7.43
2022-11-23 02:00:00,-1.283627,36.810614,10.35,18,91.4,2.4
2023-07-22 09:00:00,-1.277451,36.853731,12.05,14,46.0,14.06
2022-10-15 16:00:00,-1.276331,36.842534,0.66,14,85.0,1.24
2021-03-02 04:00:00,-1.263003,36.850129,6.9,15,93.1,7.78
2020-12-08 15:00:00,-1.255367,36.844507,48.72,15,90.2,6.75
2022-12-02 18:00:00,-1.30817,36.789577,13.38,12,93.8,3.9
2023-05-26 18:00:00,-1.265046,36.85032,23.77,15,91.2,16.2
2020-11-01 04:00:00,-1.226462,36.901011,10.57,22,75.7,6.8
2022-08-31 01:00:00,-1.257531,36.802498,0.39,20,41.1,4.22
2020-01-27 23:00:00,-1.261919,36.800187,4.74,20,61.7,8.46
2023-02-13 00:00:00,-1.288064,36.816694,0.83,18,41.3,5.28
2020-11-27 20:00:00,-1.262586,36.851135,10.36,15,85.9,0.78
2022-06-11 01:00:00,-1.278497,36.847813,0.04,14,35.1,15.98
2022-10-26 00:00:00,-1.283134,36.814653,13.48,18,92.1,2.33
2021-10-17 07:00:00,-1.280156,36.804813,3.48,18,55.5,8.95
2023-06-30 00:00:00,-1.266211,36.808543,2.61,20,32.9,2.9
2022-09-15 20:00:00,-1.267179,36.844612,7.87,15,69.5,5.72
2023-10-05 22:00:00,-1.315145,36.780717,8.46,12,82.6,0.27
2022-12-27 21:00:00,-1.272724,36.84238,9.37,14,85.1,1.86
2022-10-24 08:00:00,-1.218228,36.894063,18.68,22,71.0,2.71
2023-04-04 08:00:00,-1.260934,36.796896,6.15,20,65.5,5.73
2020-03-29 21:00:00,-1.266094,36.845908,22.05,15,68.9,6.43
2020-03-04 08:00:00,-1.256213,36.843427,24.82,15,56.8,1.75
2022-05-26 17:00:00,-1.214473,36.899751,18.3,22,90.2,0.94
2021-09-04 15:00:00,-1.276519,36.851401,1.33,14,70.0,5.58
2022-12-15 20:00:00,-1.256017,36.841063,2.8,15,61.0,9.58
2020-10-23 09:00:00,-1.280121,36.818978,20.76,18,72.5,7.11
2020-06-22 18:00:00,-1.31642,36.77919,0.28,12,62.8,0.89
2020-03-02 19:00:00,-1.260012,36.852303,34.02,15,56.3,7.71
2020-08-08 02:00:00,-1.30831,36.784214,9.51,12,63.0,0.42
2023-01-21 23:00:00,-1.312288,36.784224,0.63,12,51.1,0.55
2020-03-22 15:00:00,-1.297295,36.810442,4.53,18,62.8,17.04
2022-06-22 13:00:00,-1.221669,36.906977,5.89,22,42.8,0.01
2021-09-05 12:00:00,-1.312047,36.783337,2.81,12,39.3,5.62
2020-09-07 00:00:00,-1.273189,36.848087,1.94,14,53.0,0.49
2021-12-10 07:00:00,-1.218554,36.909322,20.62,22,73.7,1.03
2023-05-11 15:00:00,-1.258884,36.801844,1.05,20,76.4,4.5
2023-05-28 04:00:00,-1.215232,36.896907,3.97,22,90.4,9.5
2021-12-04 21:00:00,-1.269336,36.801282,32.24,20,87.8,0.99
2020-08-17 18:00:00,-1.263322,36.800072,1.95,20,50.9,7.59
2020-11-18 01:00:00,-1.267189,36.849212,0.36,14,92.1,8.59
2020-09-17 22:00:00,-1.272255,36.856734,7.63,14,64.0,2.01
2022-11-01 03:00:00,-1.315276,36.77486,3.08,12,92.7,0.47
2023-05-25 09:00:00,-1.258598,36.85142,46.74,15,88.1,3.76
2020-07-26 16:00:00,-1.210267,36.894404,2.46,22,35.2,8.07
2021-02-20 20:00:00,-1.269404,36.798703,2.16,20,68.7,1.54
2020-08-28 17:00:00,-1.211593,36.90506,0.65,22,55.6,3.24
2020-08-02 21:00:00,-1.275605,36.846312,3.72,14,40.5,3.33
2021-02-02 04:00:00,-1.283966,36.81977,3.41,18,54.6,2.89
2021-04-08 13:00:00,-1.218592,36.897875,2.16,22,83.1,0.57
2021-04-23 19:00:00,-1.287328,36.822683,83.07,18,98.0,3.61
2021-05-31 19:00:00,-1.27066,36.808352,61.33,20,86.8,11.52
2022-11-01 04:00:00,-1.263648,36.84866,1.29,15,76.5,6.16
2020-11-07 10:00:00,-1.319648,36.778504,1.1,12,59.5,2.25
2020-07-26 22:00:00,-1.217295,36.905053,4.03,22,59.9,0.79
2023-10-08 18:00:00,-1.209034,36.902077,68.67,22,72.2,2.73
2021-11-19 13:00:00,-1.306521,36.785184,12.67,12,87.8,6.74
2020-03-29 23:00:00,-1.225817,36.893748,4.38,22,95.0,1.68
2022-11-07 20:00:00,-1.260931,36.800343,3.73,20,68.1,8.32
2021-06-09 00:00:00,-1.310358,36.778005,0.25,12,64.4,3.68
2023-03-26 13:00:00,-1.21901,36.899472,22.01,22,94.1,6.56
2022-06-05 06:00:00,-1.285361,36.849319,3.34,14,58.8,11.65
2022-08-07 07:00:00,-1.267981,36.848239,1.27,15,55.3,2.77
2022-08-06 00:00:00,-1.254144,36.850137,18.35,15,52.7,3.33
2023-06-24 00:00:00,-1.216502,36.903125,4.25,22,61.5,6.99
2020-12-10 22:00:00,-1.21827,36.903662,22.47,22,92.0,14.53
2023-07-02 19:00:00,-1.273703,36.80749,12.15,20,61.7,1.82
2022-02-22 06:00:00,-1.320032,36.786282,2.07,12,60.2,1.27
2022-12-31 06:00:00,-1.293295,36.818982,6.71,18,71.6,9.74
2022-11-13 00:00:00,-1.315529,36.786178,16.39,12,90.0,1.25
2021-01-05 17:00:00,-1.260151,36.805068,1.22,20,43.8,3.22
2021-01-21 09:00:00,-1.287469,36.820916,2.95,18,38.7,6.81
2020-05-23 19:00:00,-1.208006,36.893081,40.11,22,63.0,0.79
2020-02-08 16:00:00,-1.278335,36.840225,9.93,14,66.0,2.22
2021-08-09 09:00:00,-1.255412,36.85417,1.32,15,49.1,0.88
2020-05-29 13:00:00,-1.21629,36.900718,41.01,22,66.3,10.21
2021-12-18 02:00:00,-1.213283,36.899853,16.8,22,56.0,6.23
2023-03-02 16:00:00,-1.273983,36.850068,61.39,14,74.1,3.81
2021-09-19 23:00:00,-1.279553,36.853994,0.73,14,49.0,1.42
2020-08-19 09:00:00,-1.308287,36.77508,5.1,12,63.0,0.49
2023-04-10 20:00:00,-1.286258,36.808712,3.13,18,55.8,2.76
2021-08-08 18:00:00,-1.313056,36.778633,0.18,12,53.6,6.54
2022-06-05 21:00:00,-1.276382,36.800533,9.44,20,50.4,10.56
2020-05-24 00:00:00,-1.289464,36.815908,1.3,18,97.5,1.3
2023-12-04 13:00:00,-1.28057,36.81805,13.52,18,94.4,0.6
2022-07-04 04:00:00,-1.276242,36.844795,10.02,14,33.6,0.6
2022-03-20 21:00:00,-1.274233,36.844002,2.34,14,66.8,1.26
2022-09-01 18:00:00,-1.277528,36.844683,3.42,15,54.8,0.04
2021-09-29 01:00:00,-1.273803,36.797508,2.29,20,31.2,9.41
2020-09-02 06:00:00,-1.304341,36.785867,0.62,12,63.6,0.44
2021-04-30 20:00:00,-1.291417,36.822145,33.56,18,80.8,2.81
2023-08-11 06:00:00,-1.217498,36.897442,4.58,22,37.2,6.55
2022-01-24 14:00:00,-1.272888,36.844094,2.6,14,39.5,0.56
2023-10-18 00:00:00,-1.262153,36.862146,8.57,15,83.1,0.2
2022-05-24 07:00:00,-1.265865,36.80396,2.49,20,56.2,16.48
2020-10-01 00:00:00,-1.277811,36.851691,4.33,14,82.9,7.13
2022-02-24 11:00:00,-1.286409,36.811522,1.08,18,62.1,1.63
2020-08-09 23:00:00,-1.318305,36.779457,8.16,12,30.6,1.76
2023-10-03 01:00:00,-1.30963,36.77757,76.76,12,91.2,1.33
2022-04-11 22:00:00,-1.283857,36.818277,7.16,18,69.7,5.22
2020-11-01 16:00:00,-1.2596,36.862113,27.31,15,80.5,0.51
2020-10-11 19:00:00,-1.264528,36.801406,30.05,20,69.8,1.02
2020-02-28 10:00:00,-1.310734,36.782536,1.18,12,49.7,4.06
2021-12-03 05:00:00,-1.282587,36.814303,28.05,18,66.4,0.05
2022-10-10 20:00:00,-1.256517,36.856798,25.04,15,92.9,8.11
2021-07-18 03:00:00,-1.274498,36.842564,2.87,14,35.6,2.81
2021-03-09 13:00:00,-1.263144,36.854307,5.6,15,94.5,3.19
2023-07-24 13:00:00,-1.317707,36.786366,0.71,12,63.5,1.54
2021-01-09 03:00:00,-1.215276,36.898,6.17,22,44.7,10.02
2023-06-02 13:00:00,-1.262058,36.800877,0.05,20,38.7,13.07
2021-03-08 13:00:00,-1.222702,36.900617,17.89,22,62.2,22.67
2020-05-08 19:00:00,-1.276462,36.852636,2.74,14,79.8,0.61
2020-10-03 09:00:00,-1.275748,36.850968,1.31,14,87.5,2.15
2023-12-08 08:00:00,-1.268196,36.852009,6.87,14,90.0,1.1
2020-12-19 08:00:00,-1.285238,36.813279,18.38,18,77.1,0.6
2021-07-18 01:00:00,-1.246942,36.847646,0.46,15,44.9,0.74
2023-04-14 03:00:00,-1.269362,36.804843,1.95,20,80.7,1.62
2022-04-18 11:00:00,-1.28612,36.820441,17.81,18,82.5,4.96
2022-12-09 19:00:00,-1.255084,36.854546,18.4,15,89.8,2.58
2023-04-25 19:00:00,-1.276055,36.854579,32.18,14,56.2,5.94
2022-08-25 18:00:00,-1.318498,36.779678,4.05,12,68.3,0.46
2020-07-15 03:00:00,-1.279195,36.820671,4.47,18,59.3,9.95
2020-06-01 05:00:00,-1.264172,36.849154,14.58,15,69.5,4.89
2020-09-11 15:00:00,-1.262013,36.801083,0.69,20,46.7,5.53
2022-03-31 02:00:00,-1.276238,36.848959,12.52,14,80.3,3.53
2022-06-12 07:00:00,-1.290503,36.815698,5.69,18,62.0,1.54
2022-01-08 00:00:00,-1.272669,36.808354,10.09,20,40.5,11.78
2023-05-12 15:00:00,-1.26892,36.852138,6.26,14,65.1,2.64
2023-01-25 22:00:00,-1.289657,36.813373,7.17,18,37.7,0.86
2023-02-26 02:00:00,-1.281237,36.820801,0.07,18,31.3,4.41
2021-10-19 08:00:00,-1.226464,36.895254,8.5,22,68.6,3.38
2021-12-19 14:00:00,-1.272629,36.793239,4.53,20,68.3,19.26
2020-03-23 23:00:00,-1.262792,36.841431,2.55,15,95.6,1.01
2022-09-27 16:00:00,-1.273233,36.802472,12.78,20,57.6,1.15
2020-08-25 19:00:00,-1.288495,36.830509,1.63,18,61.4,18.85
2022-08-11 07:00:00,-1.267399,36.795466,3.25,20,52.5,1.74
2022-01-06 02:00:00,-1.285883,36.82607,4.41,18,39.5,12.29
2020-11-05 15:00:00,-1.318772,36.787952,32.32,12,74.6,1.76
2022-02-25 05:00:00,-1.257766,36.848197,2.98,15,63.5,3.4
2023-08-01 08:00:00,-1.283439,36.849617,6.47,14,57.6,5.31
2022-06-30 18:00:00,-1.31099,36.78716,1.74,12,40.9,3.48
2023-12-25 01:00:00,-1.272939,36.851883,16.5,14,83.8,5.13
2022-08-03 16:00:00,-1.257876,36.799674,1.94,20,45.1,0.87
2022-02-24 06:00:00,-1.277884,36.821846,2.28,18,40.1,6.04
2021-10-17 22:00:00,-1.271024,36.791099,16.79,20,72.4,0.45
2022-01-28 18:00:00,-1.27686,36.842899,9.15,14,68.9,8.77
2020-05-14 03:00:00,-1.2846,36.819347,3.45,18,74.0,10.51
2021-06-29 19:00:00,-1.220073,36.900853,4.18,22,32.6,16.8
2022-08-22 13:00:00,-1.292524,36.811551,1.28,18,62.1,2.74
2022-12-08 23:00:00,-1.220233,36.900415,9.33,22,71.1,9.66
2020-01-09 04:00:00,-1.280595,36.851449,1.02,14,34.1,3.7
2023-06-17 05:00:00,-1.261226,36.850191,0.48,15,34.8,1.13
2023-04-16 08:00:00,-1.283346,36.857815,33.8,14,66.4,4.24
2021-11-04 12:00:00,-1.219316,36.896145,8.35,22,65.3,3.45
2021-04-24 06:00:00,-1.259728,36.852971,10.36,15,62.2,0.85
2020-06-10 12:00:00,-1.299063,36.785317,5.64,12,57.8,3.44
2021-09-24 23:00:00,-1.273536,36.800062,2.01,20,57.4,2.71
2020-05-07 10:00:00,-1.215393,36.905389,3.3,22,88.5,8.27
2022-12-17 20:00:00,-1.271849,36.847159,11.69,14,90.7,0.28
2022-04-01 02:00:00,-1.279277,36.853089,16.59,14,83.0,3.95
2021-05-16 12:00:00,-1.261999,36.842414,6.81,15,90.1,1.22
2021-09-03 08:00:00,-1.272628,36.847469,2.65,14,40.9,8.59
2023-01-17 06:00:00,-1.277424,36.811507,7.15,18,39.3,5.25
2020-12-25 02:00:00,-1.250432,36.847558,15.4,15,75.0,5.17
2023-02-28 08:00:00,-1.221848,36.906114,7.29,22,63.2,3.34
2023-06-08 06:00:00,-1.289538,36.820204,4.15,18,55.5,7.12
2020-11-30 07:00:00,-1.257163,36.846115,7.62,15,79.7,0.16
2021-02-02 03:00:00,-1.283759,36.815712,6.56,18,39.5,0.4
2021-04-25 07:00:00,-1.273989,36.794242,23.63,20,93.2,3.31
2021-02-15 23:00:00,-1.258863,36.798576,8.71,20,58.2,3.65
2022-11-05 13:00:00,-1.310804,36.786667,8.69,12,71.4,8.82
2021-03-12 13:00:00,-1.209863,36.896453,17.64,22,73.4,9.17
2022-03-26 15:00:00,-1.265895,36.79623,26.06,20,78.7,4.71
2023-01-24 03:00:00,-1.289704,36.820566,10.01,18,63.0,0.65
2021-07-17 21:00:00,-1.324523,36.785511,3.06,12,47.0,3.29
2022-09-04 00:00:00,-1.284326,36.816781,1.48,18,38.1,4.33
2023-03-05 20:00:00,-1.313356,36.78312,1.06,12,84.8,2.01
2020-05-29 02:00:00,-1.278386,36.850597,19.71,14,62.6,1.97
2022-12-01 05:00:00,-1.286407,36.811125,19.53,18,89.0,2.93
2020-07-03 03:00:00,-1.247581,36.846331,1.83,15,57.4,0.31
2021-07-13 08:00:00,-1.215625,36.89288,0.3,22,37.1,8.97
2020-10-19 02:00:00,-1.219423,36.903071,25.37,22,86.3,2.19
2022-11-02 12:00:00,-1.258296,36.845165,14.7,15,81.2,18.07
2021-03-08 10:00:00,-1.313036,36.782889,0.17,12,84.5,8.07
2022-05-28 17:00:00,-1.26931,36.848014,34.07,15,55.5,10.25
2020-02-29 00:00:00,-1.219737,36.894129,0.62,22,41.7,5.52
2023-11-14 12:00:00,-1.306814,36.77652,14.69,12,78.3,1.51
2022-07-18 12:00:00,-1.293126,36.825282,8.96,18,36.5,0.62
2020-05-14 04:00:00,-1.208846,36.914575,25.04,22,87.8,1.88
2021-01-07 03:00:00,-1.292208,36.844159,1.12,14,48.1,7.95
2022-06-21 03:00:00,-1.217623,36.904382,9.72,22,65.0,0.33
2021-04-02 22:00:00,-1.274959,36.802335,6.69,20,97.3,0.37
2021-12-01 12:00:00,-1.309825,36.780796,2.08,12,81.5,1.29
2022-08-18 13:00:00,-1.281897,36.842429,1.07,14,68.2,2.63
2020-09-30 04:00:00,-1.311761,36.775894,1.87,12,65.6,4.51
2021-01-27 18:00:00,-1.255986,36.856712,1.77,15,56.8,5.18
2023-10-05 09:00:00,-1.287367,36.844674,2.79,14,70.5,7.62
2023-04-21 17:00:00,-1.268286,36.851656,5.46,15,73.2,4.25
2021-01-10 20:00:00,-1.272561,36.845626,0.33,15,63.0,11.53
2023-01-08 23:00:00,-1.281995,36.855323,1.31,14,48.0,2.41
2022-11-02 09:00:00,-1.314217,36.785079,19.35,12,84.1,0.77
2021-11-21 13:00:00,-1.314247,36.781949,46.38,12,88.0,2.3
2022-08-30 11:00:00,-1.263759,36.858166,0.54,15,30.1,6.64
2021-05-21 03:00:00,-1.319123,36.785995,5.96,12,90.6,5.64
2022-08-14 08:00:00,-1.224813,36.904001,3.54,22,33.2,14.91
2021-04-21 14:00:00,-1.272118,36.791679,7.35,20,67.5,6.19
2022-03-24 06:00:00,-1.312171,36.780271,4.93,12,97.0,0.29
2023-02-11 20:00:00,-1.283831,36.807567,1.25,18,61.0,2.52
2023-05-01 06:00:00,-1.309603,36.773142,9.67,12,73.7,6.28
2021-10-15 00:00:00,-1.27152,36.857724,2.5,14,76.8,5.91
2020-08-03 12:00:00,-1.292267,36.822312,3.56,18,47.7,8.22
2021-12-05 08:00:00,-1.262305,36.852206,0.25,15,93.2,1.1
2023-04-04 17:00:00,-1.276472,36.802215,38.33,20,78.5,1.23
2021-10-30 09:00:00,-1.222478,36.902859,5.81,22,84.8,0.02
2020-10-24 14:00:00,-1.283477,36.819146,76.78,18,84.0,0.94
2021-05-21 22:00:00,-1.314178,36.792364,32.22,12,71.9,0.17
2021-05-17 15:00:00,-1.278733,36.838731,33.95,14,66.7,1.6
2023-03-24 02:00:00,-1.30251,36.778012,17.13,12,78.5,8.02
2020-08-16 00:00:00,-1.268642,36.847819,3.39,15,68.4,2.67
2020-03-30 02:00:00,-1.304067,36.776786,2.98,12,55.4,6.35
2022-12-08 00:00:00,-1.259188,36.846509,2.85,15,83.1,2.09
2022-07-24 18:00:00,-1.299993,36.779602,3.55,12,52.4,1.83
2020-04-14 00:00:00,-1.253048,36.854068,40.88,15,75.0,7.06
2022-08-26 05:00:00,-1.30713,36.780572,6.31,12,47.7,9.75
2021-07-29 20:00:00,-1.269761,36.855338,5.1,14,66.6,2.15
2021-12-13 01:00:00,-1.280067,36.823879,47.92,18,87.7,10.07
2020-08-01 21:00:00,-1.261052,36.802368,5.78,20,31.1,0.41
2020-11-18 15:00:00,-1.269998,36.853978,3.68,15,78.9,1.34
2022-04-02 08:00:00,-1.21819,36.899728,26.99,22,65.1,4.43
2021-11-21 01:00:00,-1.285522,36.823063,12.6,18,81.1,0.16
2020-05-23 16:00:00,-1.22199,36.89728,30.19,22,77.7,5.81
2020-11-11 00:00:00,-1.219193,36.89484,39.65,22,79.1,5.69
2023-05-30 17:00:00,-1.302866,36.779372,1.37,12,63.2,4.31
2022-10-15 05:00:00,-1.311254,36.780465,4.2,12,68.9,1.4
2021-08-29 11:00:00,-1.277049,36.799713,0.22,20,45.7,3.0
2020-09-21 05:00:00,-1.290775,36.820639,2.23,18,48.8,5.3
2021-12-18 11:00:00,-1.303585,36.781477,8.4,12,92.0,2.69
2021-06-12 22:00:00,-1.271165,36.809362,6.06,20,69.0,0.57
2020-12-07 10:00:00,-1.310292,36.776791,7.52,12,56.7,0.98
2023-06-06 06:00:00,-1.307837,36.773801,5.6,12,40.8,0.95
2023-05-25 14:00:00,-1.261825,36.796981,0.55,20,74.6,0.81
2022-11-19 05:00:00,-1.290704,36.815084,11.43,18,70.2,5.47
2022-07-03 22:00:00,-1.272663,36.853073,3.31,14,56.4,3.43
2023-09-14 00:00:00,-1.255694,36.804923,1.54,20,48.9,12.1
2022-12-24 23:00:00,-1.309601,36.772401,58.71,12,91.6,2.03
2023-08-03 15:00:00,-1.286954,36.819979,0.95,18,65.1,8.52
2023-03-09 03:00:00,-1.263123,36.799386,49.97,20,61.9,0.85
2023-06-22 20:00:00,-1.225603,36.901163,1.5,22,63.0,8.55
2020-01-15 08:00:00,-1.285196,36.853155,4.68,14,63.5,9.79
2020-10-24 08:00:00,-1.287453,36.814202,9.97,18,81.8,1.07
2022-03-17 08:00:00,-1.263929,36.848183,6.24,15,85.1,9.26
2020-03-24 09:00:00,-1.317361,36.783206,6.92,12,90.6,1.55
2021-05-04 07:00:00,-1.21452,36.904695,4.43,22,90.5,1.17
2022-03-09 20:00:00,-1.273222,36.854153,18.43,14,91.1,3.21
2022-07-03 00:00:00,-1.255706,36.801717,15.64,20,65.1,2.64
2022-07-15 22:00:00,-1.271669,36.792359,0.57,20,45.2,2.21
2021-12-02 17:00:00,-1.257844,36.849704,1.65,15,93.7,6.04
2020-01-06 19:00:00,-1.26497,36.858611,3.3,15,41.5,3.89
2022-01-02 06:00:00,-1.31623,36.786362,3.24,12,46.0,0.7
2023-05-30 01:00:00,-1.278986,36.843352,33.29,14,89.8,0.64
2020-05-02 04:00:00,-1.256485,36.798262,2.6,20,82.6,0.78
2020-07-06 18:00:00,-1.254082,36.849179,2.08,15,43.3,0.79
2021-05-23 08:00:00,-1.259307,36.839747,1.93,15,70.0,10.21
2020-02-24 02:00:00,-1.225801,36.901801,0.54,22,57.6,0.0
2022-03-08 22:00:00,-1.315598,36.790791,10.88,12,63.5,2.22
2021-12-29 23:00:00,-1.3079,36.777339,0.86,12,60.8,1.78
2022-07-05 05:00:00,-1.257332,36.85524,21.78,15,64.2,5.49
2023-04-29 07:00:00,-1.269111,36.80155,13.88,20,89.0,0.13
2021-07-30 03:00:00,-1.274847,36.813366,3.93,18,58.5,0.22
2021-01-08 18:00:00,-1.293447,36.81672,2.02,18,50.0,0.81
2021-03-09 16:00:00,-1.218187,36.903903,31.32,22,84.3,0.62
2023-04-17 04:00:00,-1.293332,36.824442,0.84,18,94.0,0.18
2023-12-18 14:00:00,-1.271372,36.803624,53.67,20,85.2,10.15
2020-04-02 21:00:00,-1.256938,36.843199,0.07,15,86.4,4.31
2020-02-29 10:00:00,-1.288936,36.849005,6.2,14,30.5,4.2
2022-04-01 15:00:00,-1.208762,36.903705,13.64,22,77.6,5.77
2022-03-05 21:00:00,-1.257865,36.847925,5.59,15,55.6,1.0
2021-10-22 12:00:00,-1.210082,36.897447,5.36,22,63.1,8.45
2020-09-04 18:00:00,-1.27009,36.795673,4.92,20,36.7,1.02
2020-02-25 19:00:00,-1.293443,36.813616,0.52,18,44.4,3.39
2023-03-10 08:00:00,-1.263352,36.793536,14.48,20,91.7,1.27
2022-07-16 21:00:00,-1.216693,36.896453,0.06,22,66.5,6.56
2021-09-15 19:00:00,-1.28839,36.817335,1.85,18,50.3,5.31
2021-01-23 01:00:00,-1.310539,36.784051,1.24,12,56.4,5.52
2020-02-11 16:00:00,-1.260821,36.855174,3.4,15,56.5,2.21
2022-10-19 08:00:00,-1.281261,36.801728,4.6,20,69.9,2.92
2022-10-02 21:00:00,-1.276535,36.855637,50.61,14,87.1,1.12
2023-03-20 08:00:00,-1.212753,36.897187,1.57,22,87.1,3.48
2023-01-17 09:00:00,-1.312444,36.78084,3.47,12,59.6,1.66
2020-01-24 14:00:00,-1.277068,36.796308,2.27,20,36.7,9.23
2021-10-04 17:00:00,-1.273738,36.847922,10.03,14,93.7,1.51
2023-10-25 06:00:00,-1.259604,36.852966,12.24,15,96.5,0.43
2021-11-22 02:00:00,-1.265034,36.808236,33.63,20,79.6,3.17
2020-09-01 04:00:00,-1.281418,36.823091,34.94,18,56.2,5.94
2022-01-20 10:00:00,-1.228055,36.893046,0.42,22,32.9,2.64
2021-06-30 14:00:00,-1.21699,36.904417,2.95,22,37.1,2.24
2021-05-15 22:00:00,-1.268496,36.791389,13.03,20,55.1,2.15
2023-09-28 10:00:00,-1.271724,36.804437,7.22,20,45.8,9.16
2021-09-04 23:00:00,-1.260611,36.793647,0.01,20,66.3,1.34
2020-03-28 23:00:00,-1.281354,36.848489,13.9,14,55.9,0.8
2021-05-13 13:00:00,-1.274931,36.848876,30.08,14,77.2,4.89
2020-08-19 07:00:00,-1.314714,36.777127,2.43,12,47.4,4.02
2020-08-23 18:00:00,-1.277128,36.809535,11.15,18,41.1,1.5
2023-04-03 00:00:00,-1.271889,36.854651,0.26,14,64.9,2.47
2020-05-14 10:00:00,-1.267457,36.84939,2.15,15,56.8,2.06
2023-01-24 01:00:00,-1.289041,36.820721,0.52,18,50.5,5.88
2020-03-15 10:00:00,-1.313674,36.772519,0.04,12,90.2,9.12
2022-07-12 13:00:00,-1.313579,36.783151,4.27,12,30.1,11.74
2023-06-20 13:00:00,-1.273499,36.855166,0.22,14,47.2,9.33
2023-07-07 18:00:00,-1.287774,36.846087,1.24,14,43.2,0.56
2023-04-24 06:00:00,-1.223109,36.900303,7.46,22,89.7,0.79
2021-12-16 21:00:00,-1.267998,36.794392,11.28,20,60.7,0.61
2021-02-11 11:00:00,-1.25496,36.844793,1.33,15,51.5,9.78
2021-11-27 22:00:00,-1.216287,36.908216,15.41,22,67.3,9.56
2022-09-01 00:00:00,-1.266166,36.799465,2.55,20,33.1,1.86
2020-05-09 04:00:00,-1.288031,36.828017,12.74,18,61.6,6.8
2022-05-05 15:00:00,-1.254271,36.848458,18.56,15,87.7,1.87
2020-01-31 14:00:00,-1.314661,36.785475,4.35,12,62.8,2.37
2021-12-11 16:00:00,-1.319196,36.780238,6.1,12,78.4,0.8
2020-03-25 18:00:00,-1.312219,36.770385,0.28,12,67.8,2.42
2021-10-21 08:00:00,-1.319087,36.787711,22.51,12,88.8,15.72
2020-02-13 13:00:00,-1.320425,36.776449,0.49,12,34.9,0.52
2023-09-20 09:00:00,-1.25688,36.805559,19.35,20,48.8,5.43
2023-10-14 04:00:00,-1.261161,36.846269,15.99,15,97.7,2.45
2020-03-20 16:00:00,-1.285235,36.815562,8.05,18,70.7,4.85
2023-11-07 13:00:00,-1.263694,36.85522,8.82,15,91.5,23.99
2023-11-09 00:00:00,-1.285095,36.807271,15.42,18,76.2,1.44
2022-12-22 21:00:00,-1.267986,36.805321,7.91,20,81.3,5.14
2021-05-17 18:00:00,-1.303731,36.794638,47.18,12,83.8,2.08
2020-11-10 03:00:00,-1.264899,36.79151,7.22,20,70.5,3.89
2022-03-06 18:00:00,-1.273979,36.853401,36.99,14,89.9,21.58
2021-10-09 19:00:00,-1.219912,36.904396,9.84,22,92.5,11.33
2023-10-19 07:00:00,-1.25846,36.861805,26.68,15,96.6,1.66
2021-12-12 11:00:00,-1.317846,36.78921,5.77,12,57.4,1.18
2022-07-10 04:00:00,-1.276919,36.849186,1.15,14,40.3,3.37
2022-12-04 06:00:00,-1.313839,36.783374,11.56,12,64.0,11.46
2020-02-28 06:00:00,-1.258711,36.84741,9.41,15,49.1,0.78
2021-08-19 16:00:00,-1.221635,36.895494,6.9,22,50.9,17.17
2020-02-24 09:00:00,-1.27025,36.800383,10.24,20,46.1,5.36
2023-07-12 12:00:00,-1.266533,36.792884,1.68,20,63.7,3.75
2021-02-20 23:00:00,-1.212195,36.893248,4.15,22,62.5,1.87
2022-02-08 03:00:00,-1.280821,36.822566,1.23,18,35.2,5.47
2020-09-16 18:00:00,-1.255342,36.851391,1.21,15,41.8,11.37
2021-05-29 17:00:00,-1.217519,36.898898,28.07,22,77.2,3.11
2022-02-14 23:00:00,-1.264456,36.796653,2.85,20,35.6,9.13
2022-05-28 09:00:00,-1.255108,36.853682,23.31,15,63.3,0.98
2023-12-17 12:00:00,-1.260192,36.844742,3.32,15,57.1,10.35
2021-05-31 10:00:00,-1.309247,36.778768,29.29,12,62.9,4.66
2022-01-05 23:00:00,-1.290808,36.815324,1.68,18,57.0,5.2
2023-03-31 16:00:00,-1.283238,36.81173,13.28,18,78.6,8.14
2021-09-06 01:00:00,-1.219713,36.899615,1.21,22,42.3,1.42
2023-08-10 11:00:00,-1.259878,36.806006,1.53,20,56.4,3.68
2022-04-26 06:00:00,-1.265205,36.847537,5.53,14,84.6,10.38
2022-07-07 04:00:00,-1.211713,36.904179,3.3,22,37.4,0.58
2020-02-21 19:00:00,-1.31036,36.779354,4.26,12,53.7,4.32
2022-10-30 16:00:00,-1.293929,36.818043,25.75,18,81.5,17.08
2021-06-13 15:00:00,-1.278295,36.849054,2.45,14,48.3,0.88
2023-01-25 05:00:00,-1.287235,36.825356,1.44,18,65.9,7.98
2021-02-02 12:00:00,-1.310454,36.783386,6.47,12,63.8,12.69
2020-01-22 13:00:00,-1.270997,36.794198,0.05,20,64.1,9.19
2022-05-30 15:00:00,-1.278872,36.848069,0.44,14,61.7,1.72
2023-08-23 10:00:00,-1.318176,36.78611,1.74,12,45.3,2.37
2020-05-03 22:00:00,-1.265842,36.845954,20.45,15,55.8,2.13
2023-07-06 14:00:00,-1.290765,36.826266,6.91,18,41.6,2.63
2020-03-08 08:00:00,-1.269274,36.842934,5.49,15,65.4,1.23
2021-01-18 02:00:00,-1.263929,36.845248,0.5,15,52.4,0.72
2022-04-07 16:00:00,-1.287493,36.814446,5.59,18,76.3,0.3
2020-08-23 06:00:00,-1.214143,36.89638,1.64,22,60.9,19.57
2022-07-15 08:00:00,-1.31429,36.780839,1.21,12,32.9,6.08
2022-01-06 14:00:00,-1.279578,36.841732,0.54,14,30.7,2.88
2021-04-11 08:00:00,-1.215356,36.897971,29.32,22,85.7,1.38
2020-10-30 17:00:00,-1.289471,36.815029,33.19,18,70.4,2.56
2021-11-24 15:00:00,-1.260073,36.849801,26.79,15,61.1,1.76
2023-01-17 04:00:00,-1.214161,36.899926,8.72,22,40.2,24.38
2023-05-05 04:00:00,-1.276084,36.850781,11.27,14,88.3,1.39
2022-10-20 19:00:00,-1.296916,36.816949,1.44,18,83.3,1.01
2020-08-27 15:00:00,-1.268225,36.806084,1.2,20,37.0,2.15
2023-10-20 20:00:00,-1.220901,36.897137,4.67,22,83.7,4.34
2020-01-11 11:00:00,-1.269089,36.801739,1.68,20,52.8,1.61
2021-09-16 07:00:00,-1.215414,36.900955,1.56,22,59.7,0.97
2022-05-26 15:00:00,-1.316346,36.785815,16.68,12,62.8,0.15
2021-06-05 01:00:00,-1.27103,36.849038,10.4,14,65.4,1.04
2021-07-10 23:00:00,-1.255411,36.851276,7.22,15,63.1,11.9
2021-09-11 09:00:00,-1.268314,36.845774,0.09,14,66.8,5.43
2020-03-01 13:00:00,-1.307774,36.780647,6.98,12,86.6,5.85
2020-11-28 10:00:00,-1.221331,36.902864,7.89,22,76.9,3.47
2021-08-06 22:00:00,-1.265093,36.855048,0.04,14,32.0,1.72
2021-04-14 00:00:00,-1.262447,36.856313,61.16,15,88.7,2.63
2021-08-26 06:00:00,-1.267272,36.842133,23.42,15,34.9,5.7
2021-03-05 18:00:00,-1.269395,36.793347,17.84,20,91.8,6.71
2021-03-15 09:00:00,-1.269302,36.85199,12.91,14,74.0,14.99
2020-01-16 17:00:00,-1.224143,36.896963,0.53,22,55.5,3.07
2021-05-10 23:00:00,-1.215816,36.893641,19.77,22,69.4,0.4
2022-03-17 14:00:00,-1.25924,36.804004,25.63,20,84.5,0.72
2022-01-29 01:00:00,-1.311825,36.779668,1.88,12,41.6,15.12
2021-01-06 15:00:00,-1.260492,36.84144,4.51,15,44.5,8.51
2023-05-05 22:00:00,-1.272762,36.844477,6.95,14,58.9,17.76
2022-07-13 17:00:00,-1.26867,36.804298,0.09,20,36.3,0.95
2022-04-06 08:00:00,-1.270904,36.799646,0.6,20,77.0,1.98
2021-06-01 06:00:00,-1.272583,36.846945,4.04,14,53.3,12.32
2023-07-13 11:00:00,-1.259076,36.850324,16.23,15,31.1,6.51
2021-09-22 17:00:00,-1.310437,36.784995,3.94,12,55.3,0.1
2023-02-01 23:00:00,-1.212593,36.893074,4.73,22,69.1,0.63
2022-09-22 20:00:00,-1.25392,36.85184,0.56,15,67.2,0.35
2022-11-18 23:00:00,-1.294769,36.812258,5.43,18,89.6,12.9
2020-06-29 21:00:00,-1.312914,36.78211,8.59,12,49.8,13.89
2020-01-27 16:00:00,-1.272345,36.804452,5.7,20,56.7,12.91
2020-11-05 23:00:00,-1.319761,36.788678,22.89,12,63.1,0.62
2020-03-21 10:00:00,-1.276732,36.861869,11.78,14,96.8,1.72
2020-01-05 23:00:00,-1.219538,36.901217,0.74,22,52.2,0.79
2021-04-26 18:00:00,-1.256495,36.83757,5.72,15,81.9,9.33
2020-09-18 08:00:00,-1.27219,36.853341,5.53,14,42.4,8.65
2023-02-24 20:00:00,-1.274421,36.85046,8.83,14,32.0,9.46
2022-08-25 23:00:00,-1.313337,36.787369,9.37,12,64.6,15.06
2020-12-18 11:00:00,-1.273092,36.852351,9.55,14,91.4,6.95
2022-09-02 10:00:00,-1.282909,36.814714,1.39,18,37.7,8.26
2022-12-30 18:00:00,-1.217577,36.891642,24.94,22,65.3,8.77
2020-03-12 06:00:00,-1.265474,36.794228,54.95,20,96.4,9.85
2021-11-02 06:00:00,-1.269542,36.846342,3.08,15,81.3,1.22
2020-09-05 08:00:00,-1.275516,36.795439,1.75,20,38.5,4.82
2021-12-20 02:00:00,-1.263692,36.844739,34.36,15,62.7,0.44
2023-03-26 01:00:00,-1.264021,36.857256,20.34,15,75.6,7.04
2021-09-15 05:00:00,-1.311768,36.787358,4.0,12,62.5,3.69
2023-04-16 15:00:00,-1.269349,36.847154,22.69,14,73.8,9.38
2022-01-11 04:00:00,-1.264934,36.860573,0.05,15,32.4,3.34
2022-12-26 06:00:00,-1.277752,36.854217,19.51,14,72.4,4.21
2020-09-15 14:00:00,-1.265496,36.845887,0.16,15,59.7,4.25
2023-05-18 04:00:00,-1.266506,36.798011,7.14,20,82.1,1.29
2022-12-23 00:00:00,-1.306843,36.784095,36.62,12,76.8,3.88
2022-10-12 07:00:00,-1.274757,36.846428,5.29,14,76.1,0.03
2023-08-16 09:00:00,-1.268267,36.802932,1.7,20,36.1,5.1
2021-11-04 10:00:00,-1.278514,36.811147,14.97,18,97.6,1.35
2021-07-23 20:00:00,-1.265043,36.846563,2.49,14,47.3,1.66
2020-02-07 08:00:00,-1.319175,36.786884,2.23,12,67.3,1.6
2020-10-08 09:00:00,-1.265241,36.799721,8.74,20,69.9,9.05
2020-06-21 18:00:00,-1.280298,36.812149,1.11,18,30.4,1.9
2022-01-23 07:00:00,-1.26729,36.851129,0.66,15,36.2,7.4
2020-01-11 01:00:00,-1.266857,36.848242,1.88,15,66.7,11.35
2023-01-01 02:00:00,-1.21798,36.897592,3.56,22,64.0,0.06
2020-09-12 06:00:00,-1.263847,36.856216,1.51,15,44.3,33.7
2023-05-19 05:00:00,-1.257857,36.849634,13.18,15,67.0,1.74
2023-12-08 17:00:00,-1.269511,36.850911,0.66,15,68.2,3.15
2021-08-03 05:00:00,-1.219209,36.892276,19.92,22,61.1,5.47
2020-04-29 02:00:00,-1.284928,36.816574,11.3,18,96.3,2.68
2020-07-08 04:00:00,-1.268011,36.855211,2.34,15,33.2,6.16
2021-11-13 17:00:00,-1.211822,36.899443,14.63,22,79.0,12.84
2022-11-22 04:00:00,-1.268087,36.788318,6.85,20,76.8,1.15
2023-02-02 21:00:00,-1.210911,36.903301,1.02,22,57.1,3.29
2022-03-12 03:00:00,-1.309862,36.77866,9.34,12,62.7,0.09
2020-10-22 14:00:00,-1.309604,36.781759,13.9,12,79.0,7.13
2021-04-21 12:00:00,-1.276355,36.855809,30.62,14,92.3,3.73
2021-06-11 12:00:00,-1.271183,36.855199,7.29,15,37.2,3.42
2021-04-11 05:00:00,-1.276337,36.849975,56.05,14,59.0,1.67
2023-01-24 06:00:00,-1.315789,36.786071,0.99,12,67.0,5.5
2022-07-24 13:00:00,-1.284375,36.821463,10.28,18,30.1,2.81
2020-03-16 07:00:00,-1.311075,36.78554,14.26,12,80.7,0.11
2021-04-11 20:00:00,-1.261059,36.792246,4.68,20,57.9,0.11
2023-05-23 01:00:00,-1.307587,36.785968,4.19,12,89.0,6.36
2021-06-23 23:00:00,-1.282157,36.81973,6.78,18,49.4,1.92
2023-05-02 09:00:00,-1.27814,36.852964,2.05,14,56.2,12.08
2023-09-29 21:00:00,-1.262624,36.853547,1.71,15,34.7,4.86
2022-05-12 09:00:00,-1.291084,36.82569,25.93,18,58.3,4.56
2022-03-14 18:00:00,-1.258972,36.85877,11.89,15,61.8,0.33
2023-11-29 08:00:00,-1.254072,36.850692,48.6,15,79.8,15.84
2023-11-30 09:00:00,-1.257857,36.800085,2.91,20,87.3,1.28
2022-07-16 18:00:00,-1.285952,36.821333,1.94,18,42.8,1.96
2022-04-29 20:00:00,-1.211312,36.904504,2.06,22,55.5,1.58
2023-03-20 14:00:00,-1.290779,36.82913,114.08,18,74.9,16.73
2021-10-08 01:00:00,-1.2701,36.855917,14.79,14,55.7,0.65
2020-03-15 12:00:00,-1.218514,36.897486,85.23,22,74.0,8.92
2022-04-19 17:00:00,-1.215667,36.899629,8.52,22,88.2,0.1
2022-12-08 01:00:00,-1.280274,36.84586,7.82,14,87.4,0.17
2022-09-13 08:00:00,-1.315372,36.774751,3.83,12,38.5,0.26
2023-08-27 11:00:00,-1.26951,36.857181,3.48,14,44.3,3.45
2021-09-25 17:00:00,-1.30414,36.781649,0.32,12,53.2,3.41
2021-11-07 16:00:00,-1.308379,36.783305,0.77,12,90.2,1.46
2022-06-28 15:00:00,-1.272219,36.850007,1.25,14,30.8,1.11
2022-07-07 17:00:00,-1.285367,36.8192,0.33,18,62.1,4.39
2021-09-06 21:00:00,-1.315367,36.788883,1.6,12,40.1,12.13
2020-10-31 21:00:00,-1.314084,36.790213,6.04,12,74.1,6.88
2021-01-25 03:00:00,-1.269362,36.802202,5.35,20,46.8,2.72
2021-03-12 01:00:00,-1.320219,36.78198,33.54,12,80.5,3.66
2020-05-31 11:00:00,-1.278832,36.820045,0.58,18,87.7,6.29
2020-10-10 10:00:00,-1.305857,36.784198,1.09,12,59.0,0.06
2021-08-25 16:00:00,-1.21,36.896349,1.74,22,54.0,4.03
2020-07-22 12:00:00,-1.208526,36.8994,10.6,22,56.8,8.34
2023-01-12 22:00:00,-1.285104,36.817323,5.12,18,49.8,9.99
2023-03-12 01:00:00,-1.268181,36.799383,31.57,20,75.8,12.25
2023-12-15 09:00:00,-1.210631,36.899447,0.78,22,95.0,5.37
2023-02-21 20:00:00,-1.271237,36.796313,2.21,20,62.6,19.87
2022-02-04 13:00:00,-1.265955,36.791304,0.18,20,68.9,7.71
2022-06-21 22:00:00,-1.31396,36.784112,0.66,12,50.9,3.59
2022-07-31 21:00:00,-1.213135,36.908222,1.49,22,68.8,1.77
2023-07-12 03:00:00,-1.212698,36.903255,1.11,22,53.9,5.28
2022-09-27 02:00:00,-1.258485,36.842358,0.16,15,62.5,7.51
2021-05-21 19:00:00,-1.317689,36.782547,4.63,12,58.2,0.46
2023-10-04 01:00:00,-1.319213,36.780584,14.94,12,80.6,2.26
2023-02-25 20:00:00,-1.220266,36.901878,0.91,22,67.9,0.47
2023-10-29 01:00:00,-1.263732,36.801301,32.25,20,61.0,0.97
2022-11-10 17:00:00,-1.271482,36.841201,5.05,14,56.2,2.41
2022-03-31 08:00:00,-1.266638,36.801715,16.79,20,73.3,2.3
2021-02-21 01:00:00,-1.258852,36.845881,5.6,15,50.0,6.15
2022-04-14 08:00:00,-1.290369,36.823199,0.34,18,71.7,0.86
2021-08-17 21:00:00,-1.268169,36.795646,5.09,20,62.3,0.45
2023-04-18 23:00:00,-1.265732,36.859813,26.23,14,74.0,20.76
2021-03-15 19:00:00,-1.280965,36.82048,4.3,18,63.7,8.53
2023-02-09 21:00:00,-1.2739,36.801883,2.0,20,47.0,7.44
2022-05-07 08:00:00,-1.288977,36.813906,19.96,18,87.5,0.92
2020-11-19 23:00:00,-1.312325,36.781514,4.57,12,76.4,7.95
2020-01-09 08:00:00,-1.269357,36.804323,10.04,20,51.8,0.03
2021-01-20 02:00:00,-1.28871,36.806648,3.93,18,52.8,3.54
2021-06-24 09:00:00,-1.266667,36.843774,1.12,14,67.2,1.14
2021-04-24 17:00:00,-1.268065,36.847023,0.57,15,64.7,3.38
2022-01-31 09:00:00,-1.310662,36.783445,6.96,12,30.2,8.54
2021-09-03 17:00:00,-1.268451,36.80302,4.92,20,37.2,7.15
2021-03-16 12:00:00,-1.259528,36.796348,3.07,20,89.0,15.47
2020-11-13 01:00:00,-1.274958,36.856704,3.53,14,58.4,6.61
2022-05-16 07:00:00,-1.261492,36.85307,3.21,15,61.9,3.44
2023-11-02 10:00:00,-1.217669,36.902661,11.46,22,82.0,0.06
2023-04-21 11:00:00,-1.216593,36.896576,23.55,22,58.9,15.79
2022-08-31 02:00:00,-1.26427,36.796215,21.87,20,59.0,5.74
2023-06-03 21:00:00,-1.263783,36.846881,0.66,15,53.9,1.89
2023-01-24 07:00:00,-1.265411,36.799425,1.96,20,50.3,4.12
2023-06-12 18:00:00,-1.263044,36.797036,15.06,20,42.4,1.04
2023-09-04 05:00:00,-1.305438,36.780129,1.27,12,34.0,7.04
2020-11-12 08:00:00,-1.31562,36.784713,2.73,12,79.7,4.68
2022-08-09 16:00:00,-1.267526,36.807682,2.07,20,51.0,1.17
2022-06-28 14:00:00,-1.281552,36.843301,1.19,14,33.2,2.99
2022-12-17 00:00:00,-1.292233,36.822903,4.48,18,69.7,0.71
2021-09-08 06:00:00,-1.269209,36.854229,1.68,14,53.4,1.62
2022-02-27 02:00:00,-1.273975,36.851551,1.16,14,49.7,16.83
2023-12-15 21:00:00,-1.285912,36.812687,7.17,18,92.0,10.08
2021-06-01 17:00:00,-1.219426,36.905557,0.48,22,51.7,2.69
2022-12-22 13:00:00,-1.312129,36.784538,28.18,12,71.7,4.39
2020-05-14 14:00:00,-1.26588,36.795425,11.15,20,60.2,1.12
2020-12-18 03:00:00,-1.31117,36.778697,40.39,12,81.2,7.5
2021-05-03 22:00:00,-1.274416,36.794984,22.03,20,97.6,4.46
2021-09-12 18:00:00,-1.282644,36.821222,2.99,18,56.3,30.47
2023-07-28 01:00:00,-1.277545,36.856112,4.9,14,48.3,17.4
2020-09-15 12:00:00,-1.266262,36.798886,12.28,20,32.0,0.31
2021-06-11 11:00:00,-1.211512,36.902544,1.3,22,61.7,7.62
2021-01-15 04:00:00,-1.223731,36.901858,1.11,22,67.6,1.5
2023-01-21 17:00:00,-1.287073,36.807696,3.26,18,43.4,1.09
2022-11-22 09:00:00,-1.260903,36.803093,15.67,20,93.7,1.55
2021-03-29 16:00:00,-1.308157,36.78137,0.63,12,58.0,3.87
2021-12-19 20:00:00,-1.292752,36.81889,32.64,18,96.5,0.5
2020-02-09 16:00:00,-1.260619,36.797046,5.21,20,39.6,5.89
2020-09-07 14:00:00,-1.270396,36.799635,4.07,20,58.8,7.2
2022-07-02 22:00:00,-1.265667,36.841192,0.74,15,66.1,1.09
2021-03-20 01:00:00,-1.282539,36.820586,29.91,18,73.8,3.57
2021-08-31 11:00:00,-1.220845,36.893488,1.87,22,42.9,3.45
2023-06-08 01:00:00,-1.269366,36.842566,0.47,14,35.3,2.88
2021-04-27 02:00:00,-1.280436,36.829534,15.93,18,97.4,3.79
2020-08-24 23:00:00,-1.264454,36.802736,8.1,20,66.1,1.87
2021-09-09 04:00:00,-1.317539,36.784846,0.14,12,48.6,6.48
2020-08-24 15:00:00,-1.310543,36.789339,1.76,12,57.6,1.31
2021-09-08 14:00:00,-1.267761,36.846339,1.69,15,60.8,1.3
2022-07-14 18:00:00,-1.28408,36.816411,0.84,18,41.4,0.85
2020-06-18 02:00:00,-1.272181,36.803681,1.44,20,52.0,2.44
2021-02-28 07:00:00,-1.27283,36.847023,5.16,14,58.0,1.1
2021-09-25 00:00:00,-1.275277,36.806509,1.93,20,46.0,0.86
2023-01-25 08:00:00,-1.289536,36.825238,0.54,18,62.0,4.57
2023-08-12 21:00:00,-1.26641,36.851096,9.91,15,51.9,1.0
2021-04-08 05:00:00,-1.259993,36.803894,17.55,20,61.0,3.99
2021-04-22 01:00:00,-1.259562,36.79244,17.31,20,58.3,2.11
2021-08-09 12:00:00,-1.312494,36.787639,2.59,12,67.1,20.26
2023-06-10 20:00:00,-1.215137,36.898085,3.02,22,57.2,7.36
2021-11-24 03:00:00,-1.26568,36.849927,32.43,15,64.6,6.21
2021-06-24 16:00:00,-1.30735,36.791257,1.28,12,57.5,0.2
2020-10-24 09:00:00,-1.286236,36.817029,35.98,18,56.0,7.0
2022-09-16 17:00:00,-1.219239,36.906805,4.78,22,66.3,3.94
2020-04-19 19:00:00,-1.286533,36.824945,6.47,18,78.1,8.91
2021-11-05 02:00:00,-1.278938,36.848538,0.46,14,83.3,0.15
2023-01-19 03:00:00,-1.26941,36.842444,2.52,15,32.6,14.87
2020-05-20 22:00:00,-1.2711,36.800975,47.9,20,68.9,4.63
2020-03-01 08:00:00,-1.27427,36.838252,0.62,14,86.5,1.69
2021-04-10 17:00:00,-1.280971,36.822127,43.59,18,68.1,6.29
2021-05-30 08:00:00,-1.270982,36.803242,26.28,20,80.6,0.1
2023-01-03 00:00:00,-1.254671,36.845117,2.36,15,63.3,1.22
2021-04-15 05:00:00,-1.317381,36.78197,4.44,12,80.7,0.93
2020-10-15 02:00:00,-1.277288,36.853442,28.96,14,92.5,5.31
2021-03-21 08:00:00,-1.220643,36.900122,53.8,22,82.4,7.56
2023-12-03 01:00:00,-1.257428,36.85239,10.73,15,72.2,2.47
2022-09-19 12:00:00,-1.293362,36.822884,5.66,18,43.9,7.2
2021-06-14 04:00:00,-1.290531,36.819327,1.02,18,44.2,1.94
2023-09-10 12:00:00,-1.315567,36.780336,1.96,12,47.0,1.67
2023-08-12 13:00:00,-1.272192,36.854031,3.09,14,35.1,0.66
2020-06-26 05:00:00,-1.266542,36.849528,6.85,15,65.9,1.31
2023-01-23 08:00:00,-1.277289,36.846859,5.03,14,36.7,5.6
2022-09-08 21:00:00,-1.262124,36.847366,2.55,15,56.5,6.68
2021-01-31 13:00:00,-1.307853,36.789227,4.38,12,52.1,15.24
2021-12-31 18:00:00,-1.218657,36.898769,10.74,22,78.6,1.89
